#,Date,Titre,Type,Coop,Multijoueur,Genre,Univers,Gratuit,Sortie (texte),Sortie ISO,Précision sortie,Plateforme,Steam (si connu),Doublon,Créateur handle,URL,Légende
1,2026-07-13,Hellclock,Jeu,?,?,Hack&slash / ARPG,Dark fantasy,,,,—,PC/Xbox/PS4,,,@will2b_ptn,https://www.instagram.com/reel/DavMEHYtest/,"Hellclock, un Diablo/POE like disponible sur PC, Xbox et PS4  publicité"
2,2026-07-13,Invokyr,Jeu,Oui,Oui,Action-aventure / Party,Jungle mystique (Jumanji-like),Démo gratuite,,,—,PC (Steam),,,@gemgamingnetwork,https://www.instagram.com/reel/DZI8Ro8h1g-/,Play a Cursed Board Game with Friends 😳  Inspired by the Jumanji Movies   It’s called: Invokyr   💰: FREE DEMO 🌎: PC (Steam) 👥: 1-4 Players 🎮: Action Adventure Game   #coopgames #newgames #gamestoplay #steamgames #jumanji
3,2026-07-11,,Hors-sujet,,,,,,,,—,,,,@eatinginberlin,https://www.instagram.com/reel/DZ5GutINoSu/,"For the upcoming heatwave days, where you want to keep the stove off, make this 10min cold noodle dish:  100gr dried wheat noodles  1 tbsp gochujang  1,5 tbsp soy sauce  1 tbsp rice vinegar  1 tsp sugar  1 tsp toasted sesame oil  1 clove of garlic pressed 1 tbsp water handful sli"
4,2026-07-11,Achilles Survivor,Jeu,Non,Non,Bullet heaven / Roguelite,Mythologie grecque,DLC gratuit,,,—,Steam,,,@rispowned,https://www.instagram.com/reel/DanmY8BRfyC/,"Survivre à des hordes de monstres  Des milliers d’ennemis. Un seul survivant. Combattez comme un demi-dieu, construisez des défenses létales et devenez plus fort à chaque tentative dans ce bullet heaven effréné au cœur de la Grèce mythologique.  Nom du jeu: Achilles Survivor Plat"
5,2026-07-09,Another Door,Jeu,Oui,Oui,Roguelike / Tour par tour,Fantasy (bluff & trahison),Démo,2026,2026,année,PC,,,@arshesl,https://www.instagram.com/reel/DaiUGw8jyhz/,"Trahis tes potes pour gagner dans ce jeu !  N'hésitez pas à liker et partager la vidéo si le contenu vous a plu, ça ne vous prend que deux clics et ça permet de faire avancer la page !  Another Door est un roguelike multijoueur au tour par tour jouable jusqu'à 4 joueurs. Explorez"
6,2026-07-05,The Expanse: Osiris Reborn,Jeu,?,?,Action-RPG,Sci-fi (The Expanse),,,,—,Steam/PS5,,,@rispowned,https://www.instagram.com/reel/DY2NKJFxNXR/,"Le jeu dans l'espace le plus réaliste  Un RPG-action dans l'univers de The Expanse. Vous êtes un mercenaire qui s'est retrouvé au mauvais endroit au mauvais moment. Votre objectif : former un équipage, surmonter cette toile de mensonges et explorer le système solaire.  Nom du jeu"
7,2026-07-04,RuneScape: Dragonwilds,Jeu,Oui,Oui,Survie / Craft,Fantasy (RuneScape),,Full 15 sept 2026 (EA),2026-09-15,jour,Steam,,,@sharedxp_official,https://www.instagram.com/reel/DaL0VnVMSRl/,"RuneScape: Dragonwilds (AD)  is a co-op survival crafting game where you and your mates build, gather, fight, level skills, and survive together in the RuneScape universe.  ✅ Online Co-op ❌ Split-Screen Not Confirmed ✅ Up to 4 Players ✅ Up to 6 on Dedicated Servers ✅ Skills Level"
8,2026-07-04,Conan Exiles: Enhanced,Jeu,Oui,Oui,Survie open world,Dark fantasy (Hyboria),MàJ gratuite,,,—,Steam,,,@rispowned,https://www.instagram.com/reel/DYHT3jlRHcX/,"Le meilleur jeu de survie est de retour  Conan Exiles Enhanced est un jeu de survie en monde ouvert dans les terres mythiques d'Hyboria, maintenant sous Unreal Engine 5 avec des visuels époustouflants. SURVIVEZ, CONUISEZ et DOMINEZ seul ou entre amis dans un monde d'aventure ! Ce"
9,2026-07-02,Elderfeast,Jeu,Oui,Oui,Action-RPG,Lovecraftien / horreur,,2027,2027,année,Steam,,,@legionofgamez,https://www.instagram.com/reel/DaIh3PWCz7P/,Elderfeast is an upcoming cooperative action RPG developed and published by Lurker Entertainment. Helmed by Creative Director Ben Wanat—known for his design work on the original Dead Space trilogy—the game is officially scheduled for a full release in 2027 and has recently launch
10,2026-07-01,Voyagers of Nera,Jeu,Oui,Oui,Survie / Craft,Océanique / magie,,,,—,Steam,,,@rispowned,https://www.instagram.com/reel/DaDVQ_ARikE/,"Le jeu de rêve d'un développeur de League of Legends  Un jeu coopératif de survie et de fabrication qui vous plonge dans un monde océanique débordant de magie, d’esprits égarés et de monstres mortels. Voguez vers des îles lointaines, construisez de magnifiques villages et surfez "
11,2026-07-01,HYPERyuki: Snowboard Syndicate,Jeu,?,?,Sport / Snowboard,Snowboard,,TBA,,statut: TBA,PC,,,@jvcom,https://www.instagram.com/reel/DaPdryhD2pN/,"On a peut-être trouvé le MEILLEUR jeu de snowboard depuis 20 ans !  Ça s'appelle HYPERyuki: Snowboard Syndicate, et c'est prévu sur PC à uen date encore inconnue.  #wishlist #HYPERyukiSnowboardSyndicate #gaming #gamingvideos #gamingreels"
12,2026-06-29,Abyssus,Jeu,Oui,Oui,FPS / Roguelite,Sous-marin,,,,—,Steam/PS5/Xbox,,,@rispowned,https://www.instagram.com/reel/DaA6IMfxVBi/,Le meilleur jeu coop qui revient à l'essentiel  Rassemblez vos amis et plongez dans l'action multijoueur effrénée d'Abyssus. Affrontez des ennemis à travers de superbes niveaux conçus à la main dans une aventure roguelite qui mettra vos compétences tactiques à rude épreuve.  Nom 
13,2026-06-29,,Compilation,,,,,,,,—,,,,@cozyprince_official,https://www.instagram.com/reel/DaITFh5vfPB/,"Steam summer Sale is here, and these are some of the best deals you can grab on couch co-op games.  If you’re a gamer into co-op gameplay with friends, chaotic sandbox experiences, strategy, or just love experimenting with mechanics, you’re going to enjoy these games.  Get ready "
14,2026-06-28,Gears of War: E-Day,Jeu,Oui,Oui,TPS / Cover shooter,Sci-fi militaire (Gears),,,,—,,,,@gamingnewsofficials,https://www.instagram.com/reel/DaAexfkvjip/,🎮 Gears of War: E-Day is bringing back all the fan-favorite co-op features  🧟 12-player Horde Siege PvE mode A new large-scale version of Horde where players team up in squads to fight back the Locust across bigger maps and larger battles.  🛋️ 2-player couch split-screen Local sp
15,2026-06-22,,Non nommé,,,,,,,,—,,,,@wilfratgaming,https://www.instagram.com/reel/DXMeAi8CW2R/,The creators of Hell Let Loose are back with a new genre! #videogames #gamestoplay #gaming #rpg
16,2026-06-22,The Lost Wild,Jeu,?,?,Survie-horreur,Dinosaures / jungle,,,,—,,,,@jvcom,https://www.instagram.com/reel/DZxLXTRkZ7S/,Voilà le jeu que Jurassic Parc aurait dû faire depuis des années !   #wishlist #TheLostWild #gaming #gamingvideos #gamingreels
17,2026-06-22,Lords of the Fallen,Jeu,Oui,Oui,Souls-like / Action-RPG,Dark fantasy,,,,—,PC/PS5/Xbox,,,@koumaoff,https://www.instagram.com/reel/DZsfOUVgrSV/,"Un jeu comme Elden Ring en COOP ? 😱  Dans ce souls-like plongez dans un univers dark fantasy impitoyable et voyagez simultanément entre le royaume des vivants et le cauchemar terrifiant des morts. Affrontez des boss colossaux, maîtrisez un système de combat ultra exigeant et util"
18,2026-06-22,Trine 6,Jeu,Oui,Oui,Puzzle-plateforme / Aventure,Fantasy féérique,,17 sept 2026,2026-09-17,jour,PC/consoles,,,@sharedxp_official,https://www.instagram.com/reel/DZ3B4ARsyAf/,"Trine 6 is a co-op fantasy puzzle adventure where you team up with friends to combine character abilities, solve co-op-first puzzles, and journey across dangerous magical landscapes.  ✅ Solo Play ✅ Online Co-op ✅ Local / Couch Co-op ✅ Up to 4 Players ✅ CONSOLES & PC (CROSSPLAY) ✅"
19,2026-06-22,Lord of Undead,Jeu,?,?,RPG / Survie,Dark fantasy (tu es le boss),,,,—,Steam,,,@rispowned,https://www.instagram.com/reel/DZ2b5Rux_-L/,"Valheim mais tu joues le boss de fin  Un RPG sombre où vous incarnez le Seigneur des Ténèbres. Collectez des âmes, invoquez une armée de morts-vivants, maîtrisez des capacités sombres et profanez les terres d'un vaste monde ouvert.  Nom du jeu: Lord of Undead Plateforme: Steam Co"
20,2026-06-18,Turok: Origins,Jeu,Oui,Oui,Action-aventure / Shooter,Sci-fi / dinosaures,,Automne 2026,2026-09,saison,PS5/Xbox/PC/Switch2,,,@neuromancerxv,https://www.instagram.com/reel/DZuqPNUI6ZS/,✅ Title: Turok: Origins  1️⃣ Platforms: PlayStation 5 – Xbox Series X|S – PC (Steam) – Nintendo Switch 2   2️⃣ Developer: Saber Interactive  3️⃣ Publisher: Saber Interactive  📅 Release Date: Fall 2026 (official window; revealed in 2024 and repeatedly stated as targeting a 2026 la
21,2026-06-18,Sineus Arena Survivor,Jeu,Oui,Oui,Survivor / Tower defense / Roguelike,Fantasy arène,,,,—,Steam,,,@surajanoo,https://www.instagram.com/reel/DZp-A8SssU5/,"🎮 What if Vampire Survivors had BASE BUILDING, TOWER DEFENSE, and 4-PLAYER CO-OP all at the same time?  ⚔️ SINEUS ARENA is blending survivor gameplay with fortress building, boss fights, endless hordes, and roguelike progression—and it looks absolutely chaotic.  🎮 Sineus Arena Su"
22,2026-06-16,Deadzone Rogue 2,Jeu,Oui,Oui,FPS / Roguelite,Sci-fi post-apo (machines),,TBA,,statut: TBA,PC(Steam)/PS5/Xbox,,doublon (aussi #74),@macic_tv,https://www.instagram.com/reel/DYaBJR2Nckl/,"🔫 Ce FPS roguelite va te rendre complètement accro !  Deadzone Rogue 2 🔫⚡ Solo ou coop 3 joueurs — FPS roguelite sur une Terre envahie, combine armes élémentaires et centaines d’augmentations, bats-toi à travers des hordes de machines et deviens plus fort à chaque mort. 💀  🖥️ Pla"
23,2026-06-16,,Compilation,,,,,,,,—,,,,@cozyprince_official,https://www.instagram.com/reel/DZm0HY_vkb0/,"Which co-op game are you excited for the most this july?  If you’re a gamer into co-op gameplay with friends, chaotic sandbox experiences, strategy, or just love experimenting with mechanics, you’re going to enjoy these games.  Get ready for some truly exciting upcoming games tha"
24,2026-06-16,,Non nommé,,,,,,,,—,Steam,,,@willaume_,https://www.instagram.com/reel/DZnLIKHCdOI/,"Dans ce jeu vous êtes sourd, aveugle et muet  #jeuxvidéo #gaming #indiegames #steam"
25,2026-06-16,,Jeu de société,,,,,,,,—,,,,@rpgmapsforge,https://www.instagram.com/p/DZB3y2MDBrO/,"Want to make your next date night actually exciting? 🎲✨  Try stepping into a romantic D&D adventure together from the comfort of home 💘  ✅ 3 immersive adventures made specifically for couples ✅ Beautiful maps, magical worlds, and meaningful choices ✅ No DM, no prep, no experience"
26,2026-06-16,,Hors-sujet,,,,,,,,—,,,,@pccomponentes.fr,https://www.instagram.com/reel/DZiDXAFj6I6/,"TU DOIS ABSOLUMENT CHANGER TES PARAMÈTRES STEAM 😱   Si tu as ces paramètres activés sur Steam, ça bouffe les ressources de ton PC ⚠️   Sur quel sujet tu veux une astuce dans la prochaine vidéo ? 👇   #PcComponentes #Steam #PC #astuces #tech #gaming #setup"
27,2026-06-15,The Mound: Omen of Cthulhu,Jeu,Oui,Oui,Horreur / Extraction / FPS / Survie,Lovecraft (jungle maudite),Démo,15 juil (launch),2026-07-15,jour (année déduite),Steam/PS5/Xbox,,"doublon (aussi #37, #137)",@rispowned,https://www.instagram.com/reel/DZflW31RWZ7/,"Un jeu d'horreur coop hyper original  En coop jusqu'à 4 joueurs, formez un groupe d'explorateurs en quête de trésors. Dans cette jungle maudite, le danger est partout et des créatures monstrueuses altèrent la réalité. Gardez votre sang-froid et domptez la jungle avant qu'elle ne "
28,2026-06-15,Stranger Than Heaven,Jeu,?,?,Action-aventure,Japon (5 époques),,15 janv 2027,2027-01-15,jour,PC/PS5/Xbox,,doublon (aussi #79),@jvcom,https://www.instagram.com/reel/DZkn7DwDUJV/,"Si vous aimez le Japon et son histoire, ce jeu va vous rendre fou !  Vous incarnez Makoto Daiko, un Américain d'origine japonaise qui découvre le pays de ses ancêtres pour la première fois à travers 5 grandes villes et 5 époques différentes.  Le twist ultime ? Son sensei, c'est S"
29,2026-06-15,Gloomveil,Jeu,Oui,Oui,Aventure coop,Fantasy (insectes),Démo gratuite,,,—,PC (Steam),,,@sharedxp_official,https://www.instagram.com/reel/DYzikeusUcZ/,Gloomveil (TRY THE DEMO)  explore a vast magical kingdom as an insect with your partner  ✅ Local Co-op ✅ Remote Play Together ✅ Solo Mode ✅ PC (Steam) ✅ 2 Players ✅ Free Demo Out Now — Wishlist for Full Release  #coopgame #whattoplay #couplegame
30,2026-06-15,Lost Castle 2,Jeu,Oui,Oui,Roguelite / Beat'em up,Fantasy arcade,,,,—,,,,@cozyprince_official,https://www.instagram.com/reel/DYR2ILPvxiX/,"Get ready for an adrenaline-pumping, non-stop brawl in Lost Castle 2, a co-op 4 player roguelite beat ‘em up! This isn’t your average dungeon crawl; it’s a relentless, 2D side-scrolling bullet-heaven survivor-like that throws you headfirst into chaotic hordes of enemies. Inspired"
31,2026-06-15,Outward 2,Jeu,Oui,Oui,Action-RPG / Survie,"Fantasy (exigeant, no hand-holding)",,EA 7 juil 2026,2026-07-07,jour,Steam/Epic/GOG,,,@gardoum,https://www.instagram.com/reel/DZjw83vinUe/,"Nouveau jeu de dingue : le RPG où tu n’es pas l’élu, juste un survivant  Outward 2 est un action-RPG de survie prévu en accès anticipé le 7 juillet 2026 sur PC via Steam, Epic Games Store et GOG. Le jeu mise sur une aventure exigeante sans hand-holding, avec faim, soif, fatigue, "
32,2026-06-15,Terrinoth: Heroes of Descent,Jeu,Oui,Oui,RPG tactique / Dungeon crawler / Tour par tour,Fantasy (Terrinoth / Descent),,,,—,,,"doublon (aussi #34, #54, #70, #77)",@christiantg92,https://www.instagram.com/reel/DZVqFPLE4_d/,This is basically Baldur's Gate 3 built just for game night!   #THODcreator #baldursgate3 #TerrinothHeroesofDescent #coop #gaming
33,2026-06-15,,Non nommé,,,,,,,,—,,,,@cybersouls_io,https://www.instagram.com/reel/DZc2pJOo3y0/,
34,2026-06-13,Terrinoth: Heroes of Descent,Jeu,Oui,Oui,RPG tactique / Dungeon crawler / Tour par tour,Fantasy (Terrinoth / Descent),,28 mai 2026,2026-05-28,jour,PC/Xbox,,"doublon (aussi #32, #54, #70, #77)",@jmkutgames,https://www.instagram.com/reel/DZVHCOjgrW4/,"Découvrez Terrinoth®: Heroes of Descent, le tout nouveau RPG d'action et d'aventure coopératif qui vous plonge au cœur de l'univers mythique de Terrinoth. Affrontez les ténèbres en solo ou avec votre équipe, explorez des donjons dynamiques, personnalisez vos héros légendaires et "
35,2026-06-13,,Compilation,,,,,,,,—,,,,@cozyprince_official,https://www.instagram.com/reel/DZfGVr_PnIx/,"Calling all gamers who live for chaotic sandbox experiences, deep strategy, and endless mechanic experimentation with friends! If you’re into truly engaging co-op gameplay that demands intense teamwork and delivers explosive action, then you’re about to discover your next obsessi"
36,2026-06-13,,Compilation,,,,,,,,—,,,,@cozyprince_official,https://www.instagram.com/reel/DZhrolFPQhd/,"Which co-op game are you excited for the most?  If you’re a gamer into co-op gameplay with friends, chaotic sandbox experiences, strategy, or just love experimenting with mechanics, you’re going to enjoy these games.  Get ready for some truly exciting upcoming games that will red"
37,2026-06-13,The Mound: Omen of Cthulhu,Jeu,Oui,Oui,Horreur / Extraction / FPS / Survie,Lovecraft (jungle maudite),Démo,,,—,PC (Steam),,"doublon (aussi #27, #137)",@lepiraterouxoff,https://www.instagram.com/reel/DZg-cS3MBOi/,"Partage à tes potes ce nouveau jeu complètement terrifiant  jouable gratuitement en démo !   Explore une jungle maudite, cherche un trésor oublié… et tente de ne pas sombrer dans la folie face aux horreurs de Cthulhu 😨  Nom : The Mound: Omen of Cthulhu Plate-forme : PC (Steam) So"
38,2026-06-12,,Non nommé,,,,,Gratuit,,,—,,,,@macic_tv,https://www.instagram.com/reel/DZc7-UBMhvg/,"Un jeu de foot multijoueur 100% gratuit et basé uniquement sur le skill — incarne un joueur, joue en équipe avec de vraies règles et aucun facteur de chance.   #gaming #football #coop #freetoplay"
39,2026-06-11,33 Immortals,Jeu,Oui,Oui,Action-roguelike (33 joueurs),Mythologie / divin,,,,—,Steam/PS5/Xbox,,,@rispowned,https://www.instagram.com/reel/DZaN_GSx-vC/,Un jeu coop à... 33 joueurs !  Un jeu d'action roguelike coopératif pour 33 joueurs. Lancez-vous dans des parcours en solo ou entre amis. Affrontez des hordes de monstres et gagnez en force à chaque parcours. Utilisez des émojis pour coordonner et combiner vos pouvoirs et faites 
40,2026-06-10,,Compilation,,,,,,,,—,,,,@gromo_gaming,https://www.instagram.com/p/DZIaubYiO6r/,Best 2 Player COOP PS5 & Steam Games Coming in 2026
41,2026-06-03,Fatekeeper,Jeu,?,?,Action-RPG / Mêlée FPS,Dark fantasy,,"EA · 9,99€",,indéterminé,Steam,,,@ubermenschine,https://www.instagram.com/reel/DZGQcwTsbky/,"13 people at a small German studio built a handcrafted dark fantasy world from the ground up — no procedural generation, no filler. Physics-driven melee, sword and sorcery, a world that actually reacts to how you play. Early Access on Steam right now for $9.99 / €9.99 and the pri"
42,2026-06-03,,Non nommé,,,,,Gratuit,,,—,,,,@iamplayvox,https://www.instagram.com/reel/DZFlzIFBIKx/,GRATUIT! 🤯 ce NOUVEAU jeu est une forte concurrence pour la FIFA 🫡  #newgame #esports #freegame #fifa #footballgame
43,2026-06-02,Blight: Survival,Jeu,Oui,Oui,Action / Survie-horreur,Médiéval sombre,,,,—,PC (Steam),,doublon (aussi #75),@wilfratgaming,https://www.instagram.com/reel/DV6p-3YDaZ_/,BLIGHT: SURVIVAL #gamestoplay #gaming #newgames #videogames #gamingclips
44,2026-06-02,Wreck Runners,Jeu,Oui,Oui,Extraction / Aventure,Triangle des Bermudes,,,,—,Steam,,,@rispowned,https://www.instagram.com/reel/DXygjl-RyRG/,"Explorer le Triangle des Bermudes en coop  Un jeu d’extraction coopératif pour des équipages de 1 à 4 joueurs. Aventurez-vous dans le Triangle des Bermudes déformé à bord d'un véhicule hybride capable de voler, rouler et plonger. Récupérez du butin et débloquez de nouveaux équipe"
45,2026-06-02,,Hors-sujet,,,,,,,,—,,,,@voyageavecjogarcia,https://www.instagram.com/reel/DZFok4NIsqL/,Pour célébrer l’ouverture de la saison au @zoomarecottes le 4 juin  je t’offre une nuit pour 2 personnes  au Boutique-Hôtel des Marécottes.  Pour participer :  ✅ Like cette vidéo ✅ Suis mon compte @voyageavecjogarcia  ✅ Suis le compte @zoomarecottes  ✅ Commente cette publication 
46,2026-06-02,Mistfall Hunter,Jeu,Oui,Oui,Souls-like / Extraction,Dark fantasy,,juil 2026,2026-07,mois,PC/PS5,,,@surajanoo,https://www.instagram.com/reel/DZA5GXbM5oR/,"You and your friends just defeated a giant boss...  Now you have to extract before another squad steals everything. 💀  🎮 MISTFALL HUNTER combines Dark Fantasy, Soulslike combat, massive boss battles, co-op gameplay, and high-stakes extraction mechanics into one brutal adventure. "
47,2026-06-02,,Non nommé,,,,,,,,—,,,,@gwrldgames,https://www.instagram.com/reel/DYyDdKYuuZ6/,"Former devs of Satisfactory and Goat Simulator are making a Soulslike x Roguelike game for up to 4 players  🔹Curse system introduces random variables every run   🔹Curses are everything from minibosses hunting you, to environmental hazards   🔹Awareness system makes each successful"
48,2026-06-02,Beat The Champions,Jeu,Oui,Oui,Sport / Arcade football,Football (superpouvoirs),,,,—,,,,@surajanoo,https://www.instagram.com/reel/DZDlZvMMrRG/,"⚽🔥 Imagine FIFA… but everyone has SUPERPOWERS and there are NO FOULS.  With the World Cup hype getting closer, this might be one of the most chaotic football games to play with your friends right now. 🌍🏆  🎮 Beat The Champions throws realism out the window and replaces it with spe"
49,2026-06-02,Claim Denied,Jeu,Oui,Oui,Horreur / Survie (Lethal-like),Sci-fi (vaisseaux / assurance),,,,—,Steam,,,@rispowned,https://www.instagram.com/reel/DZFkJtmxptA/,"Incarner passe-partout dans un jeu survie-horreur coop  Un jeu d'horreur coopératif où vous incarnez, avec trois autres agents, un département spécial de la compagnie d'assurances Quark. Votre mission : enquêter sur une série d'incidents mystérieux à bord de vaisseaux spatiaux.  "
50,2026-06-01,No Man's Sky,Jeu,Oui,Oui,Survie / Exploration / Sandbox,Sci-fi spatial,,,,—,,,,@newsgamepulse,https://www.instagram.com/reel/DY5GQM8J-s3/,"No Man’s Sky is getting one of its biggest updates yet, as Hello Games officially confirms a brand-new raid-inspired activity. The update will introduce giant boss encounters, coordinated multiplayer mechanics, and large-scale co-op gameplay, giving players a true endgame challen"
51,2026-06-01,Kitman,Jeu,Oui,Oui,Sport / Football / Party,"Football (humour, loser)",,,,—,Steam,,,@koumaoff,https://www.instagram.com/reel/DY-QtzWg3cV/,"Un jeu de foot en COOP très étrange.. 🤣  Dans ce jeu, tu dois tout faire pour que ton équipe devienne la meilleure et qu’elle gagne les divisions, sauf que t’es un loser et avec tes potes c’est encore pire..   Le jeu s’appelle Kitman et il sera disponible sur Steam   •  #jeuxvide"
52,2026-06-01,Guardians of the Wild Sky,Jeu,Oui,Oui,Survie (Palworld-like),Post-apo / dragons / ciel,,,,—,PC,,,@koumaoff,https://www.instagram.com/reel/DXpHtM-jcq7/,"Un jeu de survie COOP avec des dragons ? 🐉   Dans ce jeu tu dois survivre dans un monde post apocalyptique, sauf que vous avez des animaux à dompter, des monstres et que vous vivez dans le ciel, petit plus votre monture est un dragon, c’est un mix entre palword et un jeu de survi"
53,2026-06-01,,Non nommé,,,,,,,,—,,,,@brentcoker,https://www.instagram.com/reel/DY83RXtuVJ5/,This Game Exposes The Kind Of Person You Are… #gamestoplay #gaming #extractionshooter #newgames #gamingreels
54,2026-05-30,Terrinoth: Heroes of Descent,Jeu,Oui,Oui,RPG tactique / Dungeon crawler / Tour par tour,Fantasy (Terrinoth / Descent),Démo,,,—,Steam,,"doublon (aussi #32, #34, #70, #77)",@jmkutgames,https://www.instagram.com/reel/DY6U-5XAbti/,"Si tu aimes les combats au tour par tour et l'ambiance des jeux de société, Terrinoth: Heroes of Descent est le prochain RPG tactique à surveiller. Développé par le studio français derrière Le Donjon de Naheulbeuk, ce dungeon crawler te permet de monter une équipe de 4 héros en c"
55,2026-05-26,Too Deep to Quit,Jeu,?,?,?,?,,,,—,PC,,,@koumaoff,https://www.instagram.com/reel/DYxRKYsAua5/,"Un jeu COOP trop drôle à ne pas louper 🤣  Dans ce jeu coop comme PEAK tu vas devoirs descendre le plus bas possible avec tes potes dans des temples maudits pour récupérer un trésor, c’est comme peak sauf que là faut descendre !   Le jeu s’appelle : Too deep to quit et il sera dis"
56,2026-05-25,Guardians of the Wall,Jeu,Oui,Oui,Hack&slash / Action,Dark fantasy,,,,—,Online co-op,,,@surajanoo,https://www.instagram.com/reel/DYklGatsFYG/,"GUARDIANS OF THE WALL might be the next BIG co-op dark fantasy game gamers are sleeping on…  Guardians of the Wall throws you into humanity’s last defense—where you’ll slash through monster hordes, switch to firearms mid-combat, and team up with friends for intense boss fights.  "
57,2026-05-25,,Non nommé,,,,,,,,—,,,,@wilfratgaming,https://www.instagram.com/reel/DX4kmG8NT4j/,New CO-OP Post-apocalyptic shooter! #gamestoplay #gaming #videogames #newgames
58,2026-05-25,Sineus Arena Survivors,Jeu,Oui,Oui,Survivor / Tower defense / Roguelike,Fantasy arène,,,,—,,,,@cozyprince_official,https://www.instagram.com/reel/DX6r7YOv1M6/,"Get ready for an adrenaline-pumping, non-stop brawl in Sineus Arena Survivors, A co-op 4 player megabonk style game.  This isn’t your grandma’s tower defense; it’s a relentless, third-person 3D bullet-heaven survivor-like that throws you headfirst into chaotic hordes of enemies. "
59,2026-05-25,,Non nommé,,,,,,,,—,,,,@wilfratgaming,https://www.instagram.com/reel/DYrjleNNfFf/,4 player CO-OP Survival shooter! #canyons #gamestoplay #gaming #newgames
60,2026-05-25,,Non nommé,,,,,Free playtest,,,—,Steam,,,@watermelongamestv,https://www.instagram.com/reel/DXnXJQskX-J/,This CO-OP Roguelike Frog Shooter is FREE For LIMITED TIME! A roguelite co-op shooter where you play as cloned mercenary frogs working for a reptilian hammerhead shark captain named Hank. 🐸 Blast through hordes of space bugs with up to 3 friends 🎮 Roguelite card system with over 
61,2026-05-25,Atmosfar,Jeu,Oui,Oui,Survie,Aérien / ciel,,,,—,,,,@biffmatictv,https://www.instagram.com/reel/DVtwcIHDXY4/,Survive in the skies in this Co-op Survival Game! Atmosfar! #gaming #newgames #survivalgame #coopgame #gamingwithfriends
62,2026-05-25,Dark Heresy,Jeu,?,?,RPG narratif / Enquête,Warhammer 40K (Inquisiteur),,Bêta fermée,,statut: Bêta fermée,,,,@loictrema,https://www.instagram.com/reel/DYsmjRcimkN/,"Dark Heresy: dans ce jeu, tu peux détruire la vie d'un innocent juste parce que tu t'es fait manipuler ⚖️👁️  La bêta fermée vient tout juste d'ouvrir, identifie direct le pire détective de ton groupe !  Tu incarnes l'Inquisiteur suprême dans ce nouveau RPG narratif. Ton but est d"
63,2026-05-25,,Non nommé,,,,,,,,—,,,,@cloudual,https://www.instagram.com/reel/DWB0t3QiLN9/,New Coop Game where You build a mining factory underground as goblins
64,2026-05-25,,Non nommé,,,,,,,,—,,,,@cloudual,https://www.instagram.com/reel/DVOiPDOExOg/,This Genuinely Could be The New Game of the Year
65,2026-05-25,Wyldheart,Jeu,Oui,Oui,Action-RPG (sans classes),Dark fantasy (royaume en décomposition),,,,—,,,"doublon (aussi #78, #87, #93)",@furogames,https://www.instagram.com/reel/DWmL_cojHzs/,"This Indie RPG Finally Defeated the ""Final Boss"" of Gaming: Scheduling. (WYLDHEART)  Finally… an RPG for people with busy lives! ⚔️ Wyldheart is a classless co-op adventure where you start as a peasant and end as a legend. No more scheduling drama - just drop in, gear up, and try"
66,2026-05-25,,Non nommé,,,,,,,,—,,,,@3rd_shift_studios,https://www.instagram.com/reel/DWNA0LMkUpE/,They really do eat tuna and beans  #darkfantasy #darkfantasyvideogame #videogames #indiegamedev
67,2026-05-25,Light No Fire,Jeu,Oui,Oui,Survie / Aventure / Exploration,Fantasy open world (taille Terre),,,,—,,,,@eyzuro,https://www.instagram.com/reel/DXXWZEhjD1B/,Ce nouveau jeu a une map de la taille de la Terre ! 🌎   #lightnofire #gaming #jeuxvideo #nomansky #whattoplay
68,2026-05-24,,Non nommé,,,,,,,,—,,,,@3rd_shift_studios,https://www.instagram.com/reel/DYdQIDxR4H1/,We have the technology  #darkfantasy #darkfantasygame #indiegame #videogames
69,2026-05-24,Subnautica 2,Jeu,Oui,Oui,Survie / Exploration,Sci-fi océanique alien,,,,—,,,,@jvcom,https://www.instagram.com/reel/DYpZrwHjzRP/,Le succès de Subnautica 2 va lui coûter très cher...  #hallofgame #Subnautica #Subnautica2 #gaming #gamingvideos #gamingreels
70,2026-05-24,Terrinoth: Heroes of Descent,Jeu,Oui,Oui,RPG tactique / Dungeon crawler / Tour par tour,Fantasy (Terrinoth / Descent),,,,—,Steam,,"doublon (aussi #32, #34, #54, #77)",@rispowned,https://www.instagram.com/reel/DYWZZXAI9Ae/,"Un nouveau jeu coop à la D&D et français  Plongez dans le monde épique de Descent avec le premier RPG tactique en coop tiré du jeu de plateau légendaire. Menez une compagnie de héros intrépides à travers Terrinoth®, survivez à des combats de boss épiques en tour par tour et sauve"
71,2026-05-23,Echoes of Mystralia,Jeu,?,?,Action-RPG / Roguelite (craft de sorts),Fantasy (sorcellerie),,,,—,Steam,,doublon (aussi #81),@rispowned,https://www.instagram.com/reel/DWUQVaAEdLD/,"Crée le sort le plus puissant !  Echoes of Mystralia est un nouveau RPG roguelite où tu pars à l'aventure pour trouver des ressources. Puis les utilises pour inventer tes propres sorts !  Utilise des millions de combinaisons pour faire le plus de dégâts possible, et vaincre les b"
72,2026-05-23,,Non nommé,,,,,,,,—,,,,@cloudual,https://www.instagram.com/reel/DWZbHiPjWKO/,The New Medieval Co-op Game Where Death Deletes Everything
73,2026-05-18,Enginefall,Jeu,Oui,Oui,Survie / Extraction (PvP),Post-apo (méga-train),,,,—,Steam,,doublon (aussi #106),@steam_reviews4,https://www.instagram.com/reel/DYXXFytouxu/,"Fight, loot, build, and survive with friends on a giant post-apocalyptic moving train. #steamgame #gamereview #newgame #EnginefallPartner"
74,2026-05-17,Deadzone Rogue 2,Jeu,Oui,Oui,FPS / Roguelite,Sci-fi post-apo (machines),,,,—,PC/PS/Xbox,,doublon (aussi #22),@koumaoff,https://www.instagram.com/reel/DYaN-LiAJOn/,"Ce jeu COOP est vraiment hardcore ! 🤯  Dans ce Roguelike toi et tes potes aller devoirs affronter des vagues d’ennemis, sauf que vous allez pouvoir mélanger des éléments et devenir cheatés au fur et à mesure pour détruire les boss !   Le jeu s’appelle Deadzone 2, et il sera dispo"
75,2026-05-15,Blight: Survival,Jeu,Oui,Oui,Action / Survie-horreur,Médiéval sombre,,TBA,,statut: TBA,PC (Steam),,doublon (aussi #43),@rpg.veteran,https://www.instagram.com/reel/DV11wW3Ekg0/,"This upcoming PvE Action-Horror Game set in a brutal medieval world. Play in solo or team-up with up to 3 friends as you face monsters and men in a tense battle for survival.  Name: Blight: Survival   Platforms: PC (Steam) Only ✅   Release Date: TBA   [Survival Horror, Action Gam"
76,2026-05-15,Far Far West,Jeu,Oui,Oui,Action coop,Western (cowboy),,Sorti,,sorti (date via Steam),Steam,,doublon (aussi #80),@chippyplaysgames,https://www.instagram.com/reel/DXuFu4hjTIW/,This new co-op game is going to be Indie Game of the Year and I say that because I genuinely believe it. It was released less than 24 hours ago and it's already got insanely positive reviews. Far Far West. #freegames #steamgames #indiegame #gaming #FFWPartner
77,2026-05-15,Terrinoth: Heroes of Descent,Jeu,Oui,Oui,RPG tactique / Dungeon crawler / Tour par tour,Fantasy (Terrinoth / Descent),,,,—,,,"doublon (aussi #32, #34, #54, #70)",@cloudual,https://www.instagram.com/reel/DYVcyUSj_lW/,This New Co-op Dungeon Crawler might beat Baldur's Gate 3 #ad #THODPartner
78,2026-05-11,Wyldheart,Jeu,Oui,Oui,Action-RPG (sans classes),Dark fantasy (royaume en décomposition),,Kickstarter,,statut: Kickstarter,,,"doublon (aussi #65, #87, #93)",@wyldheartgame,https://www.instagram.com/reel/DWrOrSjgkPc/,"50,000 WISHLISTS IN 1 WEEK! A co-op RPG with seamless drop-in/drop-out for busy gamers. Back the Wyldheart Kickstarter now! See the link in our bio for more."
79,2026-05-11,Stranger Than Heaven,Jeu,?,?,Action-aventure,Japon (5 époques),,,,—,,,doublon (aussi #28),@xboxfrance,https://www.instagram.com/reel/DYMKhonlaLt/,Vous êtes aussi impatients que nous ? 👀 #StrangerThanHeaven
80,2026-05-11,Far Far West,Jeu,Oui,Oui,Action coop,Western (cowboy),,Sorti,,sorti (date via Steam),Steam,https://store.steampowered.com/app/3124540/,doublon (aussi #76),@farfarwestgame,https://www.instagram.com/reel/DXrcDMiiPBG/,99% OVERWHELMINGLY POSITIVE on our STEAM DEMO!!!  Check out Far Far West - OUT NOW ON STEAM! https://store.steampowered.com/app/3124540/Far_Far_West/  #indiegame #pcgaming #steam #cowboy #gaming
81,2026-05-09,Echoes of Mystralia,Jeu,?,?,Action-RPG / Roguelite (craft de sorts),Fantasy (sorcellerie),Démo gratuite,,,—,Steam,,doublon (aussi #71),@rispowned,https://www.instagram.com/reel/DU-gmUDkdU0/,"Créer tes propres sorts  Echoes of Mystralia est un RPG roguelite riche en action et sorcellerie, où combats rapides et personnalisation approfondie se rencontrent. Collectez les runes, inventez de nouvelles combinaisons de sorts, affrontez des boss épiques et découvrez un monde "
82,2026-05-09,The Awakener: Battle Tendency,Jeu,Oui,Oui,Action-RPG / Hack&slash (2j),Fantasy (Diablo x Dynasty Warriors),,,,—,,,,@cozyprince_official,https://www.instagram.com/reel/DXri7KqD2e8/,"This will be the perfect game to play with my duo! 🫶🏻  Get ready for some intense 2 player co-op gaming with The Awakener: Battle Tendency. This action RPG blends Diablo-style depth with Dynasty Warriors crowd-clearing gameplay, where you will defeating monster hordes and craftin"
83,2026-05-08,Expedition: Into Darkness,Jeu,Oui,Oui,Extraction / Dungeon crawler,Dark fantasy médiéval,,,,—,,,doublon (aussi #115),@surajanoo,https://www.instagram.com/reel/DYDGlB0Ml3n/,"Expedition: Into Darkness might be the next BIG co-op extraction dungeon crawler   GAME: Expedition: Into Darkness  Dark fantasy ruins, brutal monsters, permadeath, insane loot tension, and every run feels like life or death. One wrong move and your entire squad loses EVERYTHING."
84,2026-05-08,Notmads,Jeu,Oui,Oui,Action-RPG open world,Fantasy (bête colossale vivante),,EA (sorti),,sorti (date via Steam),PC (Steam),,,@sharedxp_official,https://www.instagram.com/reel/DYAmilyMN4f/,Notmads — build your home on the back of a living colossal beast and explore a vast open world with up to 5 friends in this co-op open world RPG  ✅ Online Co-op ✅ Solo Mode ✅ PC (Steam) ✅ 1–6 Players ✅ Early Access — Out Now  #coopgame #whattoplay #steamgame
85,2026-05-06,Meowgic,Jeu,Oui,Oui,Aventure magique coop,Fantasy (sorciers / chats),,,,—,,,,@cloudual,https://www.instagram.com/reel/DXwb8ZtDbf7/,A New Co-Op Wizard Game Where the Revive Button Is…Meowing Into Your Mic #ad #meowgic #meowgicpartner
86,2026-04-27,ArcheAge Chronicles,Jeu,Oui,Oui,MMORPG,Fantasy (monde ouvert),,,,—,PC,,,@koumaoff,https://www.instagram.com/reel/DXj-NMgjf73/,"Un nouveau MMORPG de dingue ?! 🤯  Dans ArcheAge Chronicles, tu peux tout faire : combattant, marchand, fermier... Un monde ouvert complet avec quêtes, boss et donjons. 👨‍🌾  L’aspect survie/coop est incroyable, c’est validé !  - Disponible sur PC 🎮  •  #gaming #jeuxvideo #mmorpg #"
87,2026-04-25,Wyldheart,Jeu,Oui,Oui,Action-RPG (sans classes),Dark fantasy (royaume en décomposition),,,,—,,,"doublon (aussi #65, #78, #93)",@akhaess_,https://www.instagram.com/reel/DXeUxuzDJYk/,Un action RPG coop chill où tu pars de zéro avec tes amis... Et tu fais ta propre aventure 👀  Le jeu s'appelle Wyldheart.  #gaming  #jeuxvideo #coop #rpg #newgame
88,2026-04-23,,Hors-sujet,,,,,,,,—,,,,@heureuxtintamarre7,https://www.instagram.com/reel/DU6R12NClzX/,Mon expérience des jeux vidéo en tant que personne autiste et TDAH : les 10 raisons d’une histoire d’amour qui peut aller jusqu’à l’addiction.  Savais-tu que 82% des personnes avec un Gaming Disorder ont un TDAH et 57% des TDAH ont un game disorder ? D’après une étude sud-coréenn
89,2026-04-23,,Hors-sujet,,,,,,,,—,,,,@fab_ds,https://www.instagram.com/reel/DV6ab0HiHpJ/,J’ai voyagé dans les années 90 😱📼  ✈️ Destination Fun : je teste les expériences les plus fun autour du monde 🌍  Ce distributeur cache… un bar secret des années 90 😱📼 Entrée cachée dans un faux vidéo-club rétro 🤯  Tu y irais OUI ou NON ? 👇  📍 Bunga 90 — Londres 🇬🇧  ⚠️ L’abus d’al
90,2026-04-20,Orbitals,Jeu,Oui,Oui,Aventure coop (2j),Sci-fi (animé 90s),,2026,2026,année,Switch 2,,doublon (aussi #104),@infinityarea_officiel,https://www.instagram.com/reel/DXR9uqPD0d9/,"Orbitals, c'est le prochain jeu co-op qui vous fera explorer un univers sci-fi magnifique à la direction artistique proche de celle des animés japonais des années 90 !  Est ce que cette exclusivité Nintendo Switch 2 pourrait être le successeur de It Takes Two et être le prochain "
91,2026-04-20,,Compilation,,,,,,,,—,,,,@gromo_gaming,https://www.instagram.com/reel/DXSeJ70iJ2c/,"Ranking The Best 2-Player CO-OP Games For PS5, Xbox, Switch & PC In 2026"
92,2026-04-17,Esoteric Ebb,Jeu,?,?,RPG (D&D),"Fantasy (D&D, clerc)",,,,—,,,,@jvcom,https://www.instagram.com/reel/DWlU4nxDamp/,"Dans ce jeu, tu incarnes le pire clerc du royaume dans une partie de Donjons et Dragons, et c'est GÉNIAL ! 😱  #wishlist #EsotericEbb #gaming #gamingvideos"
93,2026-04-17,Wyldheart,Jeu,Oui,Oui,Action-RPG (sans classes),Dark fantasy (royaume en décomposition),,,,—,PC (Steam),,"doublon (aussi #65, #78, #87)",@kroniques,https://www.instagram.com/reel/DXMD4bKFMcJ/,"Marre de jouer les héros prophétisés ? Dans Wyldheart, incarne un simple paysan et survis dans un royaume en décomposition.  Cet Action-RPG coopératif brise les codes : pas de classes, une progression ultra flexible et des campagnes intenses d'une dizaine d'heures. Explore des vi"
94,2026-04-13,Commie Bobrs,Jeu,Oui,Oui,Simulation / Construction / Party,Chantier déjanté (castors),,,,—,,,,@kroniques,https://www.instagram.com/reel/DW8nHJ_mpSb/,"Prêt à semer le chaos sur un chantier ? Découvre Commie Bobrs, le simulateur de construction multijoueur le plus déjanté du moment. 🏗️👷‍♂️  Assemble des bâtiments emblématiques bloc par bloc avec tes amis, mais attention : ici, la physique ne pardonne pas. Utilise des grues, gère"
95,2026-04-13,Vacation Cafe Simulator,Jeu,Oui,Oui,Simulation / Gestion,Café bord de mer,,,,—,Steam,,,@rispowned,https://www.instagram.com/reel/DVLHDmdEayK/,"Ouvrir un restaurant en coop  Dans ce jeu coop, toi et tes potes faites la cuisine, nettoyez votre restaurant, allez chercher des ingrédients, tout ça en open world. Vacation Café Simulator te met dans la peau d’un gérant de petit café en bord de mer. Achète des ingrédients, prép"
96,2026-03-19,Nakwon: Last Paradise,Jeu,?,Oui,Extraction shooter (PvPvE),Post-apo (Séoul zombies),,Playtest,,statut: Playtest,,,,@xdagam_,https://www.instagram.com/reel/DVvh1cLAiVo/,"Nakwon Last Paradise est un extraction shooter PvPvE à la 3ème personne rappelant Arc Raiders, dans un univers Post Apocalypse où Séoul est infesté de zombies.  Tu incarnes un survivant qui doit piller la moindre ressource dans un silence total, pour essayer de survivre et monter"
97,2026-03-16,,Compilation,,,,,,,,—,,,,@xixi_playing,https://www.instagram.com/p/DVteh63DUJ8/,"📌 CO-OP GAMES to play with friends, based on your energy together ✨ All these are available for online co-op, a few are also good for local co-op!   2026 is definitely huge for online multiplayer games, especially many niche indie games that are just so creative and fun 😉 I can’t"
98,2026-03-12,,Non nommé,,,,,,,,—,,,,@kametolol,https://www.instagram.com/reel/DVmZtVDDddv/,c’est le jeu de l’année je suis choqué
99,2026-02-16,Cleaner Company,Jeu,Oui,Oui,Simulation / Coop casual,Sci-fi spatial (nettoyage),,,,—,PC,,,@lepiraterouxoff,https://www.instagram.com/reel/DUqcsLGDOdD/,"🟣 Twitch : LePirateRoux en live de 8h à 13h tous les matins et le mercredi soir à partir de 18h. Partage à tes potes ce nouveau jeu 🔥🎮  Enfile ta tenue, prends ta serpillière et nettoie le chaos intergalactique — des stations spatiales abandonnées aux restaurants cosmiques en pas"
100,2026-02-16,,Non nommé,,,,,,,,—,,,,@indiegamespotlights,https://www.instagram.com/reel/DUtLjDPjxjY/,"Co-op action-adventure hack-and-slash indie game with friends where two souls fight as one across life and death. Master fast-paced combat with physical and spectral powers, explore dynamic regions filled with puzzles and secrets, recruit powerful creature enhancements, and recla"
101,2026-02-08,No Rest for the Wicked,Jeu,Oui,Oui,Action-RPG / Souls-like,Dark fantasy (isométrique),,,,—,,,doublon (aussi #102),@mikelin0823,https://www.instagram.com/reel/DTtTRIqj2mZ/,This co-op update is a HUGE W for No Rest for the Wicked.#steam #game #pcgaming #coopgaming #gaming
102,2026-02-02,No Rest for the Wicked,Jeu,Oui,Oui,Action-RPG / Souls-like,Dark fantasy (isométrique),,,,—,PC/PS5/Xbox,,doublon (aussi #101),@thefrenchniko,https://www.instagram.com/reel/DUD203QDDdy/,"🎬 Retrouve moi sur YouTube pour des format plus long et plus complet sur le gaming 🎮  1PLUS BEAU QU'UN FILM, PLUS DUR QU'UN SOULS ! 🗡️  Nom : No Rest for the Wicked Plate-forme : PC / PS5 / Xbox Series Style de jeu : ARPG / Soulslike / Dark Fantasy / Isométrique  Après avoir révo"
103,2026-01-29,,Compilation,,,,,,,,—,,,,@xixi_playing,https://www.instagram.com/p/DT-rxAeCETG/,"📌 CO-OP GAMES for every skill set combo 🤍 you can play all of these games locally with your player 2, as they support COUCH CO-OP (some also support online co-op natively, others you can try Steam’s Remote Play Together i think)  I came up with this guide using the logic “would t"
104,2026-01-20,Orbitals,Jeu,Oui,Oui,Aventure coop (2j),Sci-fi (animé 90s),,2026,2026,année,Switch 2,,doublon (aussi #90),@cozyprince_official,https://www.instagram.com/reel/DTNWzzyD_9e/,"I’m so excited to play this with my duo,  The art style of this game looks so beautiful just like it takes two and I can’t wait to try it out.🔥  The game was announced at the game awards this year.🔥  Game: Orbitals (Two Player Co-Op) Platforms : Nintendo Switch 2 Release: 2026 . "
105,2026-01-18,Firefighting Simulator,Jeu,Oui,Oui,Simulation,Pompiers (réaliste),,DLC Parker's Story,,statut: DLC Parker's Story,,,,@surajanoo,https://www.instagram.com/reel/DSU1T9RjLYp/,"Teamwork under fire — literally.  Firefighting Simulator just got intense! Parker’s Story DLC throws you into high-risk rescues where leadership, teamwork & split-second decisions decide who makes it out alive 🚒🔥 Bring your squad — co-op missions hit harder when chaos spreads!  #"
106,2025-12-25,Enginefall,Jeu,Oui,Oui,Survie / Extraction (PvP),Post-apo (méga-train),,,,—,Steam,,doublon (aussi #73),@lepiraterouxoff,https://www.instagram.com/reel/DR7OPctDLtL/,"🚆ENGINEFALL   Dans Enginefall, tu débarques comme un simple “tailie” coincé dans un gigantesque méga-train post-apo : fouille les wagons, récupère du loot, fabrique ton équipement et grimpe les échelons jusqu’à viser le poste de conducteur. Monte ta base, forge des alliances  ou "
107,2025-12-25,Go Ape Ship!,Jeu,Oui,Oui,Party / Coop (8j),Espace / singes (humour),,,,—,Steam,,,@rifflop_,https://www.instagram.com/reel/DSIu-c_jmHV/,T'es un gros singe débiles avec tes potes 🦧🤣  Go Ape Ship! c'est un jeu multijoueur coop jusqu'à 8 joueurs où vous devez travailler avec vos amis dans un vaisseau spatial mais... vous êtes des singes.  #jeuxvideo #coopgames #newgame #multiplayer #indiegame #gaming #steam
108,2025-12-25,Goblin Company,Jeu,?,?,Gestion / Stratégie / Sim,Fantasy (gobelins),,,,—,PC,,,@lepiraterouxoff,https://www.instagram.com/reel/DSriyvDjAee/,"Gère, optimise et fais prospérer ton empire de gobelins .   Nom : Goblin Company Plate-forme : PC Style de jeu : Gestion / Simulation / Stratégie  👉 Je te présente un jeu par jour, alors abonne-toi pour ne rien rater 🔔🎮  #gaming #gamingontiktok #coop"
109,2025-10-27,Adorable Adventures,Jeu,Non,?,Cozy / Aventure / Exploration,Nature cozy (marcassin),Démo,,,—,Steam,https://store.steampowered.com/app/3840230/,,@wildsheepstudio,https://www.instagram.com/reel/DQHPaxdjQxw/,"🐗💖 Faites la connaissance de Boris, un marcassin qui explore les hautes terres dans Adorable Adventures.   Vous pourriez apprécier l’ambiance apaisante, la nature accueillante et le plaisir d’explorer à votre rythme. 🌿   C’est doux, relaxant, et rempli de petits bonheurs.   🎮 La "
110,2025-10-26,,Jeu de société,,,,,,,,—,,,,@le_double_jeu,https://www.instagram.com/reel/DQOgvdPDMc9/,Dites moi dans les commentaires si vous etes d’accord avec mes avis désastreux !   #jeu #jds #jeudesociété #boardgame #avis
111,2025-09-23,Zompiercer,Jeu,?,?,Survie / Craft,Post-apo zombie (train),,,,—,Steam,,,@rispowned,https://www.instagram.com/reel/DI38Ae7RxJ4/,"Vivre dans un train pendant l'apocalypse zombie !  Dans Zompiercer, on prend le contrôle d'un train qui deviendra notre refuge sur les rails. Collectez des ressources, fabriquez du matériel, construisez une maison confortable sur des wagons et voyagez à travers des lieux soigneus"
112,2025-08-19,Reanimal,Jeu,Oui,Oui,Aventure-horreur (2j),Horreur (Little Nightmares-like),,,,—,,,,@rispowned,https://www.instagram.com/reel/DNIOIJOIv44/,"Little Nightmares en duo !  Reanimal est un jeu d'action adventure horreur pour 2 joueurs en ligne ou en local. Tag un ami avec qui jouer ! Un voyage ténébreux et terrifiant vous attend dans ce jeu d’aventure et d’horreur, un frère et une sœur traversent l’enfer pour sauver leurs"
113,2025-07-24,Eriksholm: The Stolen Dream,Jeu,?,?,Aventure / Infiltration,Narratif (pépite indé),,Sorti,,sorti (date via Steam),PC/PS5/Xbox,,,@magnettesjv,https://www.instagram.com/reel/DMXZvnRMW3y/,"🎮 Eriksholm : The Stolen Dream, le jeu pépite de cette été est disponible ! 🔥  #gaming #indiegames #WhatToPlay #pc #ps5 #xbox #keymailer #eriksholmthestolendream #jeuxvideo"
114,2025-07-13,IKUMA: The Frozen Compass,Jeu,Oui,Oui,Aventure narrative (2j),Arctique / froid,,,,—,,,,@mavitivo,https://www.instagram.com/reel/DL7Z4wrB_29/,"the PEFECT co-op game for dog lovers!  Game: IKUMA - The Frozen Compass Embark on a haunting journey into the cold in this narrative adventure - either alone or with a friend. IKUMA tells the story of Sam, a teenage boy who finds himself stranded in the Arctic with his dog. He mu"
115,2025-06-25,Expedition: Into Darkness,Jeu,Oui,Oui,Extraction / Dungeon crawler,Dark fantasy médiéval,,,,—,Steam,,doublon (aussi #83),@brewsterisalive,https://www.instagram.com/reel/DLQFO_Jxh_v/,Expedition: Into Darkness is A New Medieval Co-op Game on STEAM!! . . . . . . . . . . . . . . . . . . . . . . . . . . . . . . #oncehuman #chronoodyssey #gamingontiktok #indigopark #horrorgames #homeoffice #backrooms #pc #deskmat #gameoftheyear #gamingroom #steamgame #stardewvalle
116,2025-06-25,Out of Words,Jeu,Oui,Oui,Aventure / Puzzle coop,Fait main / artistique,,2026,2026,année,PS5/Xbox/PC,,,@eyzuro,https://www.instagram.com/reel/DKqEVZBt8Ld/,"Ce jeu COOP entièrement fait à la main où ton duo et toi devez tout faire pour retrouver votre voix !  Parfait pour un couple à distance, côte à côte ou avec un pote !  Le jeu s'appelle Out of Words, il arrive sur PS5, Xbox Series X|S et PC en 2026 mais si tu me follow, je te tie"
117,2025-06-15,Guilty as Sock,Jeu,Oui,Oui,Party / Déduction sociale,Tribunal absurde (Ace Attorney-like),,,,—,Steam,,doublon (aussi #121),@tiro_antituis,https://www.instagram.com/reel/DK1yRjLN641/,Un jeu wtf entre potes #guiltyassock #gaming #coop #jeuentreamis #steam
118,2025-06-13,Spyfall,Jeu,Oui,Oui,Déduction sociale / Party,Espionnage,,,,—,Steam,,,@rifflop_,https://www.instagram.com/reel/DKsHFlAtVse/,T'es un espion avec tes potes... ou t'es le flic qui doit les choper caché dans les PNJ 🤣  Spyfall est un jeu coop social de déduction trop fun pour jouer avec tes amis...  #jeuxvideo #coopgames #multiplayer #newgames #indiegame #gaming #steam
119,2025-06-09,Roadside Research,Jeu,Oui,Oui,Simulation / Coop,Aliens (station-service),,2025,2025,année,PC (Steam),,,@eyzuro,https://www.instagram.com/reel/DKnLXU9tIvR/,"Ce jeu COOP où toi et tes potes êtes des aliens qui gèrent une station-service en secret pour préparer l'invasion de la Terre !  Le jeu s'appelle Roadside Research, et arrive cette année sur PC (Steam)  #jeuxvideo #gaming #ayzuto #coop #multiplayer #simulation #alien #whattoplay "
120,2025-06-07,Hawthorn,Jeu,Oui,Oui,RPG sandbox / Cozy,Animaux / forêt féérique,,,,—,,,doublon (aussi #125),@rispowned,https://www.instagram.com/reel/DKl0coxR_oX/,"Hawthorn, un RPG coop où on incarne des animaux dans une forêt  Un RPG sandbox dans un monde peuplé d'animaux anthropomorphes et de créatures féériques. Jouez en solo ou en coop en construisant un village peuplé de PNJ mémorables, cultivez vos terres, fabriquez des objets, explor"
121,2025-06-03,Guilty as Sock,Jeu,Oui,Oui,Party / Déduction sociale,Tribunal absurde (Ace Attorney-like),,Cette semaine,,statut: cette semaine,,,doublon (aussi #117),@cozyteagames,https://www.instagram.com/reel/DKIHFQZvYyU/,Follow for more games! <3 Solve (or create) beef with friends in this absurdist spin on Ace Attorney. 🙂 It’s called Guilty as Sock and it’s an online party game coming out this week. Looks like it’ll be really silly and fun so I’ll probably be grabbing this one for myself. 🔎Custo
122,2025-06-03,Double Shoulders,Jeu,Oui,Oui,Action-aventure (2j),Horreur (Little Nightmares-like),Gratuit,,,—,,,,@rispowned,https://www.instagram.com/reel/DKcVA_FxqO_/,Little Nightmares en duo et gratuit !  Double Shoulders est un jeu d'action-aventure pour 2 joueurs en ligne ou en local. Tag un ami avec qui jouer ! Vous prenez le contrôle de deux enfants qui cherchent à s'enfuir d'un lieu étrange rempli de monstres et de challenges. Il faudra 
123,2025-06-01,Cloudheim,Jeu,Oui,Oui,Action-RPG / Craft (physique),Norse / Ragnarok,,,,—,,,,@rispowned,https://www.instagram.com/reel/DKUqKt2xKOw/,"Un nouveau jeu coop qui mélange Zelda et Valheim avec un concept unique  Ragnarok a brisé le monde, et vous avez été choisi par les dieux pour en créer un nouveau. Cloudheim est un action-RPG coopératif mêlant artisanat et combats chaotiques basés sur la physique. Rassemblez vos "
124,2025-05-23,Forever Skies,Jeu,Oui,Oui,Survie (1re personne),Post-apo écologique (dirigeable),,,,—,Steam,,,@rispowned,https://www.instagram.com/reel/DJCOdE6RkPa/,Sauver le monde avec des amis ! Forever Skies est un jeu de survie post-apocalyptique à la première personne. Jouez en solo ou en coop alors que vous revenez sur une Terre dévastée par une catastrophe écologique.  #survivalgame #coopgames #newgame #steamgames #seaofthieves
125,2025-05-15,Hawthorn,Jeu,Oui,Oui,RPG sandbox / Cozy,Animaux / forêt féérique,,,,—,,,doublon (aussi #120),@madmorph,https://www.instagram.com/reel/DJVBLRHs8nS/,"Gameplay YT: MadMorph 🌟 You and who? Perfect for couples and friends to play together this is a new cozy game where you are wildlife rebuilding a village in the woods in a fantasy world. Think Skyrim, Stardew Valley and Animal Crossing.   Follow for more games to play 🌟GAME: HAWT"
126,2025-04-21,,Jeu de société,,,,,,,,—,,,,@tiktokboardgames,https://www.instagram.com/reel/DINSrILsNX_/,Are you thirsty? For some Liber-tea 🫖🔫 Helldivers 2 the board game is an amazing adaption of the popular video game. It has the same heroic and action gameplay. There’s lot of customization and missions to choose from. Jump in solo or with up to 4 friends and destroy the alien sc
127,2025-04-21,,Non nommé,,,,,,,,—,,,,@puzzleknows,https://www.instagram.com/reel/DHESJT3vtZ2/,This game has strong CTHULHU vibe.. #gaming #whattoplay #games #horror #creepy #cthulhu #scary
128,2025-04-07,The Mosquito Gang,Jeu,Oui,Oui,Party / Asymétrique (4v1),Humour (moustiques),,20 mai,2025-05-20,jour (année déduite),,,,@madmorph,https://www.instagram.com/reel/DIHQxvTsMk1/,"FOLLOW FOR MORE GAMES ❤️ Are you playing as mosquito or human? This new 4 v 1 multiplayer game to play with friends is a pretty funny idea, what do you think?   💫Follow for more games💫 Game: The Mosquito Gang - May 20th   #gaming #whattoplay #madmorph #funny #game #friends #multi"
129,2025-03-30,,Hors-sujet,,,,,,,,—,,,,@wainoxattraction,https://www.instagram.com/reel/DHyg_6XCyWq/,Le meilleur parc d’attraction d’Europe avec Europa-Park ‼️#parcdattraction #phantasialand #rollercoaster
130,2025-03-30,Crosswind,Jeu,Oui,Oui,Survie / MMO,Pirates (Sea of Thieves-like),Gratuit,,,—,Steam,,,@rifflop_,https://www.instagram.com/reel/DHokMvkA-_l/,Toi et tes amis construisez votre repère de pirates dans ce nouveau jeu de survie...  Crosswind est un MMO de survie comme Sea of Thieves mais gratuit parfait pour jouer en solo ou avec des amis...  #jeuxvideo #survivalgame #coopgames #multiplayer #newgame #gaming #steam #seaofth
131,2025-03-30,,Non nommé,,,,,Gratuit,,,—,,,,@rixx.tv,https://www.instagram.com/reel/DFV0qJwM8ni/,Ce jeu d’horreur complètement gratuit est parfait pour jouer avec tes potes ou en solo ! #jeuxvideo #gaming #gratuit #free #horreur #horrorgame  jeu horreur gratuit jeu gratuit
132,2025-03-18,Storebound,Jeu,Oui,Oui,Horreur / Survie,Magasin infini (Ikea),,,,—,Steam,,,@rifflop_,https://www.instagram.com/reel/DHUBRTmuVQ6/,T'es coincé avec tes potes dans un Ikea sans fin...  Storebound est un jeu d'horreur multijoueur de 1 à 4 joueurs et il est parfait pour jouer en solo ou en coop avec des amis...  #jeuxvideo #newgames #coopgames #horrorgame #multiplayer #gaming #steam
133,2025-03-17,Backrooms Rec,Jeu,Oui,Oui,Horreur / Survie,Backrooms,,,,—,Steam,,,@rifflop_,https://www.instagram.com/reel/DHJybULN2TG/,Toi et tes potes fuyez les Backrooms en voiturette de golf...  Backrooms Rec est un jeu d'horreur survie coop où tu explores les Backrooms jusqu'à 6 joueurs parfait pour jouer avec tes amis...  #jeuxvideo #coopgames #multiplayer #gaming #indiegame #newgame #horrorgame #steam
134,2025-03-13,Harold Halibut,Jeu,Non,Non,Aventure narrative,Sci-fi cozy (stop-motion),,Sorti,,sorti (date via Steam),,,,@madmorph,https://www.instagram.com/reel/DEFhLQGtVd1/,"I played over 100 games in 2024 and this is one of my favourite games this year.   My full playthrough - Yōūtübè: MadMorph   Harold Halibut took 14 years to get made, and has all hand made models and puppets, scanned and animated in a stop motion style in this heartfelt, relatabl"
135,2025-03-10,Drunk Builder Simulator,Jeu,Oui,Oui,Simulation / Party (asymétrique),Chantier (humour / alcool),,,,—,,,,@mavitivo,https://www.instagram.com/reel/DG_EFQAtSgB/,"Stay drunk and avoid the foreman - [New Game]  Game: Drunk Builder Simulator A construction simulator where one of the players plays the role of a foreman who has to catch drunk players. And the rest of the drunk players have to run, hide and search for alcohol on the constructio"
136,2025-03-09,,Compilation,,,,,,,,—,,,,@ta_ta_ki,https://www.instagram.com/p/DG3E1x2s2Sd/,"T’as prévu quoi pour ta prochaine soirée gaming entre potes ? 👀  On te balance 6 jeux coop pour des sessions fun, avec des défis et (un peu) de tension :  Split Fiction : Il est dispo dès aujourd’hui ! C’est le nouveau jeu du créateur de It Takes Two avec des avis déjà ultra posi"
137,2025-03-09,The Mound: Omen of Cthulhu,Jeu,Oui,Oui,Horreur / Extraction / FPS / Survie,Lovecraft (jungle maudite),,,,—,,,"doublon (aussi #27, #37)",@blue_thundergaming,https://www.instagram.com/reel/DG9RDPmylb9/,This new multiplayer horror game looks INSANE and you’ll never guess what it does to the player 😳 #themoundomenofcthulhu #gaming #scarygame #newgames #upcominggames
138,2025-03-06,,Non nommé,,,,,,,,—,,,,@thelabofficiel,https://www.instagram.com/reel/DGdr9nXKmXR/,Ce jeu coop est un banger ! Parfait à jouer avec ton duo / ton pote #jeuxvideo #coop #gaming #multiplayer
